Company	Period	 Revenue 	Net Income	Liabilities	Assets	Equity	ROA (%)	ROE (%)	Debt to Equity
Volkswagen AG	3/31/2017	 R$  19.695.988.685,00 	1329397719	24520605687	58120450678	33599844991	2.287.314.883	3.956.559.082	729.783.298
Volkswagen AG	6/30/2017	 R$  7.201.825.633,00 	722080990.6	27556950386	53860356064	26303405678	1.340.653.949	2.745.199.612	1.047.657.126
Volkswagen AG	9/30/2017	 R$  15.706.422.457,00 	2263166301	11556351337	26096752248	14540400911	8.672.214.379	1.556.467.607	794.775.289
Volkswagen AG	12/31/2017	 R$  9.750.496.618,00 	516889818.4	21354201295	54861302788	33507101493	942.175.618	1.542.627.668	637.303.746
Volkswagen AG	3/31/2018	 R$  15.989.256.775,00 	1291419013	42659096630	53863933584	11204836955	2.397.557.934	1.152.554.935	3.807.203.693
Volkswagen AG	6/30/2018	 R$  6.601.886.883,00 	674015397.4	48397997453	95156833814	46758836361	708.320.538	1.441.471.709	1.035.055.643
Volkswagen AG	9/30/2018	 R$  11.494.666.314,00 	1658196131	14924498356	62462464157	47537965801	2.654.708.156	3.488.151.213	313.949.032
Volkswagen AG	12/31/2018	 R$  15.132.692.627,00 	1296423798	22603216585	52612061095	30008844510	2.464.119.008	432.013.901	753.218.491
Volkswagen AG	3/31/2019	 R$  14.907.937.768,00 	1438598483	20854112480	54405171112	33551058632	2.644.231.152	4.287.788.646	621.563.472
Volkswagen AG	6/30/2019	 R$  8.797.334.817,00 	1311084923	25365853191	40151924792	14786071601	3.265.310.268	8.867.026.743	1.715.523.492
Volkswagen AG	9/30/2019	 R$  10.142.417.014,00 	1306294910	21657205056	33344564963	11687359907	3.917.564.711	1.117.698.882	1.853.045.104
Volkswagen AG	12/31/2019	 R$  15.448.794.996,00 	1760261975	43856467673	93429721556	49573253883	1.884.049.257	3.550.830.008	884.680.029
Volkswagen AG	3/31/2020	 R$  15.933.280.023,00 	1743770422	44490184859	59864740520	15374555661	2.912.850.548	1.134.192.402	289.375.419
Volkswagen AG	6/30/2020	 R$  7.895.384.436,00 	511149178.9	17592686846	61107816340	43515129494	836.471.027	1.174.647.036	404.288.969
Volkswagen AG	9/30/2020	 R$  12.436.929.028,00 	1654939942	49496396884	90362459109	40866062225	1.831.446.331	4.049.668.237	1.211.185.864
Volkswagen AG	12/31/2020	 R$  6.074.909.806,00 	875656602.5	42262965768	80569106208	38306140440	1.086.839.167	2.285.943.174	1.103.294.806
Volkswagen AG	3/31/2021	 R$  19.710.269.369,00 	1137314233	36066540496	64427162211	28360621715	1.765.271.344	4.010.187.943	1.271.711.913
Volkswagen AG	6/30/2021	 R$  12.858.026.662,00 	1124878943	17059669622	65938237159	48878567538	1.705.958.471	2.301.374.609	349.021.473
Volkswagen AG	9/30/2021	 R$  10.294.096.366,00 	1404729444	27027656894	48359524775	21331867881	2.904.762.713	658.512.162	1.267.008.452
Volkswagen AG	12/31/2021	 R$  11.544.833.810,00 	1709962819	14660160673	40260511363	25600350690	4.247.245.654	6.679.450.762	572.654.682
Volkswagen AG	3/31/2022	 R$  17.383.281.301,00 	2467286454	26847350661	44033610784	17186260123	5.603.189.041	1.435.615.681	1.562.140.365
Volkswagen AG	6/30/2022	 R$  12.314.464.977,00 	1478784803	25112871815	44050938495	18938066680	3.356.988.191	7.808.530.977	1.326.052.561
Volkswagen AG	9/30/2022	 R$  10.260.879.440,00 	889227522	10690275300	28159139854	17468864554	3.157.864.646	5.090.356.727	611.961.657
Volkswagen AG	12/31/2022	 R$  11.168.902.003,00 	587168043.4	20072750684	67464272122	47391521437	870.339.255	1.238.972.765	423.551.515
Volkswagen AG	3/31/2023	 R$  13.460.197.722,00 	1122578628	37590881745	71858135493	34267253748	1.562.215.079	3.275.951.543	1.096.991.373
Volkswagen AG	6/30/2023	 R$  12.729.418.594,00 	1662688493	39022576433	81451183390	42428606957	2.041.331.291	3.918.791.148	919.723.254
Volkswagen AG	9/30/2023	 R$  11.664.866.018,00 	1677667162	15998323030	33372541902	17374218871	5.027.088.338	965.607.245	92.080.819
Volkswagen AG	12/31/2023	 R$  16.782.030.250,00 	1481049554	32384571623	78417189252	46032617629	1.888.679.725	3.217.391.559	70.351.358
Volkswagen AG	3/31/2024	 R$  7.309.084.994,00 	1039334580	30910642675	64531416585	33620773909	161.058.696	3.091.346.389	91.939.117
Volkswagen AG	6/30/2024	 R$  13.076.152.982,00 	1526410746	24545656357	68124372355	43578715998	2.240.623.573	3.502.651.951	563.248.728
Volkswagen AG	9/30/2024	 R$  9.752.432.683,00 	970590418.5	31255665329	70790020629	39534355300	1.371.083.678	2.455.055.637	790.595.043
Volkswagen AG	12/31/2024	 R$  14.186.610.709,00 	2107123762	14632441063	32642980976	18010539913	6.455.059.247	1.169.939.253	812.437.669
Siemens AG	3/31/2017	 R$  19.833.452.617,00 	1519697640	16063730954	53272532961	37208802008	2.852.685.156	4.084.242.325	431.718.574
Siemens AG	6/30/2017	 R$  9.065.572.324,00 	736570414.4	47957169639	95650487131	47693317491	770.064.468	1.544.389.137	1.005.532.267
Siemens AG	9/30/2017	 R$  5.703.877.749,00 	588622371.4	24982736979	39727077870	14744340891	1.481.665.411	3.992.191.823	1.694.394.966
Siemens AG	12/31/2017	 R$  19.716.237.464,00 	1276840007	45009303223	75268101508	30258798286	1.696.389.282	4.219.731.382	1.487.478.214
Siemens AG	3/31/2018	 R$  10.138.254.767,00 	1262116952	45296373926	72972094010	27675720085	1.729.588.508	45.603.762	163.668.276
Siemens AG	6/30/2018	 R$  11.314.535.587,00 	1340341283	33163887180	56794362553	23630475373	2.359.990.011	5.672.087.683	1.403.437.157
Siemens AG	9/30/2018	 R$  12.634.974.138,00 	741274735	28126694879	40432233302	12305538423	1.833.375.687	6.023.911.425	2.285.693.962
Siemens AG	12/31/2018	 R$  9.738.110.535,00 	1128540207	47796930083	86681431720	38884501637	1.301.939.971	2.902.287.954	1.229.202.589
Siemens AG	3/31/2019	 R$  11.643.264.079,00 	1453293868	35825693285	75665486452	39839793167	1.920.682.647	3.647.844.912	899.243.958
Siemens AG	6/30/2019	 R$  6.550.073.893,00 	733627118.4	19919552350	37424903073	17505350723	1.960.264.578	4.190.873.579	1.137.912.211
Siemens AG	9/30/2019	 R$  16.654.538.457,00 	1322270205	29781715108	63506323345	33724608237	2.082.107.947	3.920.787.444	883.085.577
Siemens AG	12/31/2019	 R$  12.841.952.642,00 	1411970100	29126693633	55130546327	26003852694	2.561.139.322	5.429.849.634	1.120.091.472
Siemens AG	3/31/2020	 R$  15.947.068.708,00 	835207323	19623471264	54178518349	34555047086	1.541.583.913	241.703.425	567.890.161
Siemens AG	6/30/2020	 R$  7.571.178.877,00 	527700192	14328955584	29444881442	15115925857	1.792.162.733	3.491.021.304	947.937.673
Siemens AG	9/30/2020	 R$  11.686.522.494,00 	980715243.5	33647832225	72644583109	38996750884	1.350.018.407	2.514.863.985	862.836.812
Siemens AG	12/31/2020	 R$  17.731.550.761,00 	1893885668	10137976567	39067986912	28930010345	4.847.666.382	6.546.439.648	350.431.142
Siemens AG	3/31/2021	 R$  18.942.636.889,00 	1771268697	15918566390	49830943520	33912377129	3.554.555.808	5.223.074.426	469.402.848
Siemens AG	6/30/2021	 R$  6.387.462.404,00 	911547751.1	43580496165	59758020643	16177524478	1.525.398.166	5.634.655.366	269.389.153
Siemens AG	9/30/2021	 R$  19.026.792.698,00 	2073416725	23713313938	47556455590	23843141652	4.359.905.925	8.696.071.832	994.554.924
Siemens AG	12/31/2021	 R$  15.389.996.263,00 	923394181.6	21808491986	40095375980	18286883994	2.302.994.196	5.049.488.923	1.192.575.618
Siemens AG	3/31/2022	 R$  7.786.480.387,00 	484400549.7	33021752886	60040484961	27018732075	806.789.869	1.792.832.278	122.217.996
Siemens AG	6/30/2022	 R$  17.737.880.122,00 	2592267899	23358323946	38107807520	14749483574	6.802.458.781	1.757.531.297	158.367.063
Siemens AG	9/30/2022	 R$  12.664.949.131,00 	649372783.1	35555990358	69522102895	33966112537	934.052.274	1.911.825.448	1.046.807.765
Siemens AG	12/31/2022	 R$  16.861.000.234,00 	918419211.5	32873432607	81487723152	48614290545	1.127.064.515	1.889.195.957	676.209.243
Siemens AG	3/31/2023	 R$  13.888.922.534,00 	1095226689	47947497289	70943083888	22995586599	1.543.810.374	4.762.769.081	2.085.073.894
Siemens AG	6/30/2023	 R$  14.327.627.383,00 	1625286889	41679203694	52235242339	10556038645	3.111.475.732	1.539.675.009	3.948.375.437
Siemens AG	9/30/2023	 R$  10.185.412.162,00 	754846740.3	24373958388	59331553465	34957595076	1.272.251.772	2.159.321.139	69.724.357
Siemens AG	12/31/2023	 R$  8.282.175.431,00 	459390813.5	28551545477	64407150986	35855605509	713.260.572	1.281.224.531	796.292.381
Siemens AG	3/31/2024	 R$  15.785.741.204,00 	1106822544	13225063565	51661794785	38436731220	2.142.439.202	287.959.592	344.073.576
Siemens AG	6/30/2024	 R$  9.018.099.865,00 	963180373.7	36993263217	49531602468	12538339252	1.944.577.453	7.681.881.582	2.950.411.731
Siemens AG	9/30/2024	 R$  11.691.964.631,00 	1345578064	24477801438	72482874961	48005073523	1.856.408.241	2.802.991.363	509.900.301
Siemens AG	12/31/2024	 R$  8.451.674.463,00 	530013312.6	43381572844	83248031989	39866459145	636.667.678	1.329.471.751	1.088.172.207
Allianz SE	3/31/2017	 R$  9.164.246.774,00 	981041952.6	19407851173	43999960378	24592109205	2.229.642.809	3.989.255.027	789.190.183
Allianz SE	6/30/2017	 R$  14.340.884.258,00 	1865680236	22448503705	35401436947	12952933241	5.270.069.233	1.440.353.472	1.733.082.637
Allianz SE	9/30/2017	 R$  7.168.009.253,00 	373428560.2	15187122059	38651159578	23464037519	966.150.988	1.591.493.194	647.251.013
Allianz SE	12/31/2017	 R$  19.458.831.198,00 	1600107100	48538978480	69583711255	21044732775	2.299.542.624	7.603.361.452	2.306.466.848
Allianz SE	3/31/2018	 R$  17.610.247.426,00 	2015329868	40259793264	68504291957	28244498693	294.190.307	7.135.300.541	1.425.403.003
Allianz SE	6/30/2018	 R$  11.661.846.976,00 	1354192659	23626577882	54731462963	31104885082	247.424.897	4.353.633.376	759.577.726
Allianz SE	9/30/2018	 R$  10.545.031.789,00 	1010594241	33534009371	63852779536	30318770165	1.582.694.204	3.333.229.664	1.106.047.811
Allianz SE	12/31/2018	 R$  11.358.222.175,00 	1091045445	25112465464	47584136480	22471671016	229.287.642	4.855.203.888	1.117.516.603
Allianz SE	3/31/2019	 R$  11.744.716.344,00 	1284599881	31388781794	60735397643	29346615849	2.115.076.103	4.377.335.663	1.069.587.783
Allianz SE	6/30/2019	 R$  9.612.688.482,00 	1071424359	26052899280	55802879567	29749980287	1.920.016.257	3.601.428.805	875.728.287
Allianz SE	9/30/2019	 R$  13.700.664.809,00 	892851810.7	14820437742	51140549989	36320112247	174.587.839	2.458.284.833	408.050.439
Allianz SE	12/31/2019	 R$  15.508.664.175,00 	1417702229	18132341778	46620472331	28488130553	3.040.943.514	4.976.466.345	636.487.598
Allianz SE	3/31/2020	 R$  9.263.668.849,00 	635671166.8	12187372783	46576570031	34389197248	1.364.787.416	1.848.461.778	354.395.385
Allianz SE	6/30/2020	 R$  13.787.621.203,00 	1605393739	33743352626	56826390011	23083037385	2.825.084.858	695.486.349	1.461.824.632
Allianz SE	9/30/2020	 R$  18.005.946.710,00 	2292027552	30114206666	72398006770	42283800104	316.587.107	5.420.580.804	712.192.532
Allianz SE	12/31/2020	 R$  10.098.889.889,00 	1161225924	39497490703	77791788915	38294298213	1.492.735.853	3.032.372.908	1.031.419.625
Allianz SE	3/31/2021	 R$  8.226.780.982,00 	522858114.5	39148815906	54906293986	15757478080	952.273.549	3.318.158.603	2.484.459.487
Allianz SE	6/30/2021	 R$  17.019.949.886,00 	2402780363	10477167725	40916062724	30438894999	5.872.462.313	7.893.783.146	344.203.287
Allianz SE	9/30/2021	 R$  11.073.630.310,00 	912822455.7	49692687138	70778247625	21085560486	1.289.693.495	4.329.135.364	2.356.716.444
Allianz SE	12/31/2021	 R$  9.380.555.380,00 	1350100953	41223028779	68933524997	27710496218	195.855.493	4.872.164.475	1.487.632.284
Allianz SE	3/31/2022	 R$  16.640.634.818,00 	2400803163	16356578486	32583061956	16226483469	7.368.255.218	1.479.558.505	100.801.745
Allianz SE	6/30/2022	 R$  8.089.768.870,00 	488084935.3	45657380068	93604660446	47947280377	521.432.302	1.017.961.668	952.241.289
Allianz SE	9/30/2022	 R$  16.931.011.156,00 	2086994153	18754849198	52873275455	34118426257	3.947.162.597	6.116.912.125	549.698.543
Allianz SE	12/31/2022	 R$  16.472.180.169,00 	2043609431	34718393733	62464433746	27746040013	3.271.636.847	736.540.937	125.129.185
Allianz SE	3/31/2023	 R$  14.581.130.415,00 	1529637744	32236390204	47068791910	14832401705	3.249.791.809	1.031.281.228	2.173.376.291
Allianz SE	6/30/2023	 R$  5.318.114.486,00 	431100966	42312531626	58725506361	16412974734	734.094.932	2.626.586.423	2.577.992.857
Allianz SE	9/30/2023	 R$  19.814.938.566,00 	1836312727	18499451286	30329911272	11830459986	6.054.461.257	1.552.190.472	1.563.713.609
Allianz SE	12/31/2023	 R$  13.941.085.692,00 	1722322782	32850325731	66248470463	33398144732	2.599.792.523	5.156.941.487	983.597.322
Allianz SE	3/31/2024	 R$  18.801.502.624,00 	1006058196	48264388990	86904149774	38639760784	1.157.664.161	2.603.686.398	1.249.086.123
Allianz SE	6/30/2024	 R$  13.059.939.771,00 	864826440.5	21561018412	57150274352	35589255939	1.513.249.849	2.430.021.133	605.829.424
Allianz SE	9/30/2024	 R$  16.908.879.786,00 	1197174003	48008203569	67570965703	19562762134	177.172.842	611.965.731	2.454.060.589
Allianz SE	12/31/2024	 R$  7.203.400.075,00 	631684017.9	23852825717	41830939577	17978113860	1.510.088.046	3.513.627.863	13.267.702
BMW AG	3/31/2017	 R$  18.765.462.866,00 	1081539894	34543581067	80126669599	45583088532	1.349.787.655	2.372.677.959	75.781.572
BMW AG	6/30/2017	 R$  10.211.703.797,00 	526461438.3	13575717212	61177654063	47601936851	860.545.319	1.105.966.423	285.192.539
BMW AG	9/30/2017	 R$  14.824.260.103,00 	1856672009	49769403556	87097998229	37328594673	213.170.457	4.973.859.919	1.333.278.255
BMW AG	12/31/2017	 R$  18.808.147.150,00 	960184349.6	35382107627	67327482638	31945375011	142.614.028	3.005.706.927	1.107.581.539
BMW AG	3/31/2018	 R$  7.335.760.537,00 	743322627.7	48776154787	95122657900	46346503113	781.435.931	1.603.837.566	1.052.423.624
BMW AG	6/30/2018	 R$  17.315.578.796,00 	1167741135	16852576890	50991540077	34138963187	2.290.068.378	342.055.243	493.646.418
BMW AG	9/30/2018	 R$  5.647.276.212,00 	430192893.6	49486716701	66912699732	17425983031	642.916.659	2.468.686.517	2.839.823.533
BMW AG	12/31/2018	 R$  6.557.505.339,00 	618883604.9	33315961378	60538144207	27222182829	1.022.303.562	2.273.453.267	1.223.853.414
BMW AG	3/31/2019	 R$  15.132.523.755,00 	1022601951	38023980809	86825852703	48801871894	1.177.762.059	2.095.415.424	779.150.048
BMW AG	6/30/2019	 R$  13.411.319.092,00 	782523298.9	19531535755	37657712776	18126177021	2.077.989.451	4.317.089.577	1.077.531.999
BMW AG	9/30/2019	 R$  8.103.350.227,00 	738019784.6	20380748219	31832927467	11452179248	2.318.416.317	6.444.361.101	1.779.639.296
BMW AG	12/31/2019	 R$  8.859.340.166,00 	1144565565	40538252302	78168514026	37630261724	1.464.228.377	3.041.609.365	1.077.277.979
BMW AG	3/31/2020	 R$  12.864.732.630,00 	1045458883	40800355871	78928197945	38127842074	1.324.569.559	2.741.982.831	1.070.093.497
BMW AG	6/30/2020	 R$  19.909.637.251,00 	2732548048	15058770523	36892503606	21833733082	7.406.783.982	125.152.581	689.702.053
BMW AG	9/30/2020	 R$  9.482.010.377,00 	803442750.4	46174948427	92567055368	46392106941	867.957.555	1.731.852.256	995.319.063
BMW AG	12/31/2020	 R$  6.940.311.223,00 	962499322.1	29150494667	41331347093	12180852427	2.328.739.298	7.901.740.276	2.393.140.779
BMW AG	3/31/2021	 R$  8.417.325.544,00 	742678238	36333752143	50307101979	13973349836	147.628.905	5.314.962.029	2.600.217.741
BMW AG	6/30/2021	 R$  12.011.483.364,00 	1571388192	16704351188	36319540470	19615189283	4.326.564.081	8.011.078.402	851.602.855
BMW AG	9/30/2021	 R$  14.132.310.152,00 	1250503703	34109472155	60179867780	26070395624	2.077.943.587	4.796.642.602	1.308.360.358
BMW AG	12/31/2021	 R$  18.321.682.480,00 	1436804767	33230894855	73659285546	40428390691	1.950.609.154	355.394.994	821.969.272
BMW AG	3/31/2022	 R$  11.652.663.475,00 	1123917078	30713910663	55316480279	24602569617	2.031.794.272	4.568.291.423	1.248.402.551
BMW AG	6/30/2022	 R$  11.584.036.388,00 	1399147461	22546412228	53277235987	30730823758	2.626.163.755	455.291.232	73.367.419
BMW AG	9/30/2022	 R$  18.782.382.394,00 	1614997271	25317192992	38617124033	13299931041	418.207.547	1.214.289.959	1.903.558.215
BMW AG	12/31/2022	 R$  7.382.434.260,00 	1093800017	35338248318	45898916976	10560668658	2.383.062.802	1.035.729.888	3.346.213.148
BMW AG	3/31/2023	 R$  19.456.335.114,00 	2009563555	47081333393	64537094762	17455761369	3.113.811.618	1.151.232.256	2.697.180.169
BMW AG	6/30/2023	 R$  14.368.618.381,00 	1533626886	42361743521	64353154119	21991410599	2.383.141.754	6.973.754.044	1.926.285.871
BMW AG	9/30/2023	 R$  12.729.885.504,00 	1804875257	10865997336	56007965536	45141968200	3.222.533.152	3.998.220.124	240.707.213
BMW AG	12/31/2023	 R$  8.469.619.625,00 	602960048.5	32716601950	78863289364	46146687414	764.563.656	1.306.616.103	708.969.674
BMW AG	3/31/2024	 R$  15.848.632.086,00 	2129654605	38842203399	87315704066	48473500667	2.439.028.154	4.393.440.901	80.130.799
BMW AG	6/30/2024	 R$  17.928.146.832,00 	2182113657	12109060417	56333682316	44224621899	3.873.550.543	4.934.160.121	273.808.116
BMW AG	9/30/2024	 R$  17.989.542.164,00 	2639441820	33643521649	69399402463	35755880815	3.803.263.035	7.381.839.743	940.922.748
BMW AG	12/31/2024	 R$  6.152.045.684,00 	707968936.5	29243056689	57427208762	28184152074	1.232.810.982	2.511.939.811	1.037.570.923
BASF SE	3/31/2017	 R$  16.836.243.798,00 	2100216671	19360624506	64506392372	45145767866	3.255.827.204	4.652.078.745	428.846.942
BASF SE	6/30/2017	 R$  16.139.422.505,00 	1276985447	16542748372	53339154988	36796406616	2.394.086.384	3.470.408.021	449.575.105
BASF SE	9/30/2017	 R$  9.548.006.554,00 	1237046329	27483087953	52090363015	24607275062	2.374.808.425	5.027.156.913	1.116.868.401
BASF SE	12/31/2017	 R$  16.895.580.815,00 	1797081911	28309420014	68036567115	39727147101	2.641.347.127	4.523.561.449	71.259.635
BASF SE	3/31/2018	 R$  16.240.083.291,00 	1330285061	20620789244	35863861269	15243072025	3.709.263.346	872.714.541	1.352.797.468
BASF SE	6/30/2018	 R$  11.432.373.323,00 	902833070.5	15796422658	55141147698	39344725041	1.637.312.802	2.294.673.732	401.487.687
BASF SE	9/30/2018	 R$  19.846.387.618,00 	2884007106	11017913220	31498369926	20480456706	9.156.051.924	1.408.175.192	537.972.047
BASF SE	12/31/2018	 R$  10.270.182.691,00 	708863277.1	42708053991	57050114588	14342060597	124.252.735	4.942.548.334	2.977.818.543
BASF SE	3/31/2019	 R$  13.827.496.449,00 	1133835190	46117811894	82240340578	36122528684	1.378.684.939	3.138.858.853	127.670.497
BASF SE	6/30/2019	 R$  11.534.207.296,00 	1513985001	19270767207	53405386175	34134618968	2.834.891.963	4.435.335.874	564.551.994
BASF SE	9/30/2019	 R$  7.430.177.132,00 	551583106	33765326378	50383426520	16618100141	1.094.770.928	3.319.170.671	2.031.840.348
BASF SE	12/31/2019	 R$  17.877.114.298,00 	1224635136	31860731568	65500282723	33639551155	1.869.663.892	3.640.462.175	947.121.185
BASF SE	3/31/2020	 R$  9.927.936.838,00 	1197785480	37635556954	86394249061	48758692107	138.641.807	2.456.557.854	7.718.738
BASF SE	6/30/2020	 R$  11.914.158.554,00 	1054111676	43298236595	83113769380	39815532785	1.268.275.622	2.647.488.561	1.087.470.983
BASF SE	9/30/2020	 R$  18.130.200.876,00 	2418330284	49603599758	91937242355	42333642596	2.630.414.207	5.712.549.489	1.171.730.017
BASF SE	12/31/2020	 R$  11.583.572.658,00 	1407524593	37122614462	82673694404	45551079942	1.702.505.982	3.089.991.707	814.966.725
BASF SE	3/31/2021	 R$  6.644.620.233,00 	990744714.5	21424039042	52878014917	31453975875	1.873.642.035	314.982.347	681.123.402
BASF SE	6/30/2021	 R$  18.768.998.808,00 	1373518726	31667361119	58519002305	26851641187	2.347.132.848	5.115.213.316	117.934.546
BASF SE	9/30/2021	 R$  10.808.670.566,00 	658653438.1	37937729306	85517814001	47580084695	770.194.428	1.384.304.888	79.734.472
BASF SE	12/31/2021	 R$  18.793.891.125,00 	2702710428	12423193661	54396450621	41973256961	4.968.541.876	6.439.124.871	295.978.787
BASF SE	3/31/2022	 R$  7.020.216.669,00 	504888024.6	19566830326	62928514411	43361684085	802.319.949	1.164.364.427	451.247.011
BASF SE	6/30/2022	 R$  11.227.593.925,00 	1221025867	27001572213	45570891422	18569319208	2.679.398.689	6.575.501.522	1.454.095.969
BASF SE	9/30/2022	 R$  8.861.717.408,00 	569761713.3	46662383110	69619249891	22956866781	8.183.968	2.481.879.251	2.032.611.138
BASF SE	12/31/2022	 R$  13.018.762.765,00 	1704211990	11167034881	30031637051	18864602170	567.472.225	9.033.914.282	591.957.083
BASF SE	3/31/2023	 R$  9.496.852.852,00 	691692392.2	36704020555	77712763784	41008743229	890.062.788	1.686.694.928	895.029.149
BASF SE	6/30/2023	 R$  14.800.185.962,00 	1295428284	11911955269	57692706612	45780751343	2.245.393.499	2.829.635.264	260.195.714
BASF SE	9/30/2023	 R$  8.416.753.062,00 	980336277	46036015495	95477772055	49441756560	1.026.769.117	1.982.810.372	931.116.099
BASF SE	12/31/2023	 R$  12.852.011.317,00 	684110085.9	18179739764	53040583203	34860843439	1.289.786.131	1.962.402.565	521.494.547
BASF SE	3/31/2024	 R$  19.756.965.859,00 	1431835601	10848294146	60234434421	49386140275	2.377.104.749	2.899.266.055	219.662.725
BASF SE	6/30/2024	 R$  11.122.911.230,00 	1144594204	29846781652	60313552592	30466770941	1.897.739.653	3.756.860.897	979.650.312
BASF SE	9/30/2024	 R$  16.485.330.446,00 	1727330520	41199120058	58775396940	17576276882	2.938.866.617	9.827.624.651	2.344.018.607
BASF SE	12/31/2024	 R$  15.113.132.584,00 	1914494156	43259483243	88221659272	44962176029	2.170.095.385	4.258.010.455	962.130.552
Deutsche Telekom AG	3/31/2017	 R$  13.951.553.720,00 	1348710564	21828517855	62780698314	40952180459	2.148.288.567	3.293.379.129	533.024.557
Deutsche Telekom AG	6/30/2017	 R$  15.409.119.271,00 	924345905.8	44651352138	77649206644	32997854506	1.190.412.556	2.801.230.321	1.353.159.252
Deutsche Telekom AG	9/30/2017	 R$  14.110.556.301,00 	1163491999	16591763093	32355610354	15763847262	3.595.951.325	7.380.761.688	1.052.519.909
Deutsche Telekom AG	12/31/2017	 R$  11.505.351.408,00 	1425682028	36680109736	61941763399	25261653663	2.301.649.081	5.643.660.732	1.452.007.467
Deutsche Telekom AG	3/31/2018	 R$  17.427.808.963,00 	1967928248	36127253691	72733202053	36605948363	2.705.680.752	5.375.979.415	986.923.036
Deutsche Telekom AG	6/30/2018	 R$  10.561.657.912,00 	1025524147	18824834094	53785357297	34960523204	1.906.697.655	2.933.377.572	538.459.736
Deutsche Telekom AG	9/30/2018	 R$  10.796.012.246,00 	986280250.6	18030445293	66154405096	48123959803	1.490.876.154	2.049.457.806	374.666.702
Deutsche Telekom AG	12/31/2018	 R$  15.273.880.507,00 	1698666925	35514608139	56589637247	21075029108	3.001.727.892	8.060.092.903	1.685.151.084
Deutsche Telekom AG	3/31/2019	 R$  17.933.328.881,00 	1112803764	47538352610	96220600130	48682247520	1.156.513.016	2.285.851.252	976.502.833
Deutsche Telekom AG	6/30/2019	 R$  9.246.129.285,00 	1035650167	29184989731	52641709425	23456719694	1.967.356.642	4.415.153.442	124.420.593
Deutsche Telekom AG	9/30/2019	 R$  11.461.718.687,00 	1380378045	27344331892	73302995160	45958663267	1.883.112.746	3.003.520.875	594.976.658
Deutsche Telekom AG	12/31/2019	 R$  15.796.654.133,00 	805016265.8	11494162751	47776069193	36281906442	1.684.978.022	2.218.781.604	31.680.151
Deutsche Telekom AG	3/31/2020	 R$  17.673.360.637,00 	1501884164	32122639453	73938353262	41815713810	2.031.265.369	3.591.674.104	768.195.411
Deutsche Telekom AG	6/30/2020	 R$  16.609.605.942,00 	2209253956	40969123319	78858492215	37889368896	2.801.542.223	5.830.801.675	1.081.282.811
Deutsche Telekom AG	9/30/2020	 R$  15.589.999.588,00 	1310559971	40139408421	54633825763	14494417343	239.880.688	9.041.825.831	2.769.301.274
Deutsche Telekom AG	12/31/2020	 R$  19.614.896.783,00 	1231038198	45625478678	94598230353	48972751675	1.301.333.221	2.513.720.704	931.650.298
Deutsche Telekom AG	3/31/2021	 R$  6.356.573.780,00 	831921707.3	22622163266	70081083207	47458919941	1.187.084.544	1.752.930.131	476.668.312
Deutsche Telekom AG	6/30/2021	 R$  5.509.568.002,00 	378951538.1	36585800973	54397521144	17811720171	696.633.836	2.127.540.375	2.054.029.629
Deutsche Telekom AG	9/30/2021	 R$  14.468.035.363,00 	1480956904	34748500389	83063430789	48314930400	178.292.287	3.065.215.849	71.920.833
Deutsche Telekom AG	12/31/2021	 R$  18.588.737.724,00 	2116759905	15557689149	64787149652	49229460503	3.267.252.713	429.978.286	316.023.962
Deutsche Telekom AG	3/31/2022	 R$  6.523.953.565,00 	440649540.1	18792941935	60677034815	41884092879	726.221.282	1.052.068.959	448.689.243
Deutsche Telekom AG	6/30/2022	 R$  8.444.063.288,00 	1187007039	47810647914	69756044623	21945396709	1.701.654.739	5.408.911.286	217.861.853
Deutsche Telekom AG	9/30/2022	 R$  14.873.007.184,00 	1613587509	33957807568	82298368793	48340561225	1.960.655.518	3.337.957.748	70.247.028
Deutsche Telekom AG	12/31/2022	 R$  9.420.241.101,00 	990420474.4	12931047199	34081834188	21150786988	2.906.006.963	4.682.664.881	611.374.282
Deutsche Telekom AG	3/31/2023	 R$  10.942.719.196,00 	1439735669	35021279445	51489159430	16467879985	279.619.183	8.742.689.833	2.126.641.649
Deutsche Telekom AG	6/30/2023	 R$  10.399.408.221,00 	561732001.5	38426371195	68448568389	30022197194	820.662.893	1.871.055.599	127.993.201
Deutsche Telekom AG	9/30/2023	 R$  5.149.849.693,00 	750613275.1	17312068995	55772071679	38460002684	1.345.858.693	1.951.672.446	450.131.768
Deutsche Telekom AG	12/31/2023	 R$  12.752.580.163,00 	884167446.6	28470052842	53978751141	25508698298	1.637.991.669	3.466.140.986	1.116.091.951
Deutsche Telekom AG	3/31/2024	 R$  16.377.852.382,00 	1007117429	43228375752	78855235024	35626859272	1.277.172.567	2.826.848.759	1.213.364.766
Deutsche Telekom AG	6/30/2024	 R$  15.923.641.671,00 	1238976660	29108930053	40292182768	11183252715	3.074.980.245	1.107.885.775	2.602.903.716
Deutsche Telekom AG	9/30/2024	 R$  6.531.276.814,00 	872767531.7	15526905086	49404344791	33877439705	1.766.580.521	2.576.249.974	458.325.813
Deutsche Telekom AG	12/31/2024	 R$  19.139.621.006,00 	2834016899	18313729720	41643539977	23329810257	6.805.417.841	1.214.762.087	784.992.656
Daimler AG	3/31/2017	 R$  7.142.318.181,00 	980884827.4	33400146455	69867319792	36467173338	1.403.925.083	2.689.774.769	915.896.227
Daimler AG	6/30/2017	 R$  10.611.576.433,00 	1197653535	31728621908	65800353827	34071731919	1.820.132.363	3.515.094.384	931.230.088
Daimler AG	9/30/2017	 R$  7.323.507.123,00 	793777927.1	27624534772	70422660411	42798125639	1.127.162.653	1.854.702.549	645.461.322
Daimler AG	12/31/2017	 R$  17.133.317.238,00 	1743084807	19707492188	56381587968	36674095780	309.158.516	4.752.904.659	537.368.182
Daimler AG	3/31/2018	 R$  8.641.226.117,00 	983139976.9	36665610699	59016046453	22350435755	1.665.885.867	4.398.750.824	164.048.751
Daimler AG	6/30/2018	 R$  18.960.217.812,00 	2711256442	20217118393	63441922522	43224804128	4.273.603.847	6.272.455.125	467.720.301
Daimler AG	9/30/2018	 R$  5.152.922.484,00 	599573691.4	24935989828	36383148668	11447158840	1.647.943.384	5.237.751.129	2.178.356.235
Daimler AG	12/31/2018	 R$  14.737.735.881,00 	1726421482	41539802392	60496305967	18956503575	2.853.763.473	9.107.278.014	2.191.321.951
Daimler AG	3/31/2019	 R$  11.018.589.464,00 	1097018126	21597719176	57241727973	35644008796	1.916.465.776	3.077.706.922	605.928.455
Daimler AG	6/30/2019	 R$  12.504.841.895,00 	639354361.8	41871491156	82039997300	40168506143	779.320.311	1.591.680.705	1.042.396.026
Daimler AG	9/30/2019	 R$  9.545.803.943,00 	1253796606	34864875291	53486270610	18621395319	2.344.146.622	6.733.096.979	1.872.301.978
Daimler AG	12/31/2019	 R$  10.937.481.164,00 	1145842379	19578678306	31178454239	11599775933	3.675.109.647	9.878.142.355	1.687.849.698
Daimler AG	3/31/2020	 R$  17.781.237.366,00 	1179606125	18447303156	42728183777	24280880621	2.760.721.427	4.858.168.628	759.746.051
Daimler AG	6/30/2020	 R$  14.075.946.856,00 	1786382228	42169052107	79023797685	36854745578	2.260.562.362	4.847.088.752	114.419.599
Daimler AG	9/30/2020	 R$  17.815.073.829,00 	1375991001	34457237297	48064706274	13607468976	2.862.788.745	1.011.202.747	2.532.229.716
Daimler AG	12/31/2020	 R$  8.582.626.126,00 	482111535	40109942612	86478204177	46368261566	55.749.485	1.039.744.685	865.030.115
Daimler AG	3/31/2021	 R$  17.838.709.007,00 	1559286116	42906482998	53748741344	10842258346	2.901.065.359	1.438.156.209	3.957.338.188
Daimler AG	6/30/2021	 R$  15.648.054.896,00 	1066739844	40442076671	75441053988	34998977318	1.414.004.428	3.047.917.184	1.155.521.669
Daimler AG	9/30/2021	 R$  15.893.645.982,00 	2170220695	43221215972	62906987078	19685771106	3.449.888.154	1.102.431.133	2.195.556.158
Daimler AG	12/31/2021	 R$  19.604.996.789,00 	2406144332	39627936994	77954949919	38327012925	3.086.583.128	6.277.933.363	1.033.942.746
Daimler AG	3/31/2022	 R$  13.358.841.713,00 	1013271417	43437924866	86840936189	43403011323	1.166.813.097	2.334.564.784	1.000.804.404
Daimler AG	6/30/2022	 R$  16.579.977.460,00 	877145067	30509379123	76296463396	45787084273	1.149.653.638	1.915.704.136	666.331.556
Daimler AG	9/30/2022	 R$  18.430.272.465,00 	1278461027	44184049308	54843099546	10659050238	2.331.124.677	1.199.413.642	4.145.214.472
Daimler AG	12/31/2022	 R$  9.363.037.363,00 	704852259.1	34778269496	54701473950	19923204453	1.288.543.449	3.537.845.836	1.745.616.253
Daimler AG	3/31/2023	 R$  13.197.347.212,00 	691428622	43343894473	57721074868	14377180395	1.197.878.979	4.809.208.781	3.014.770.162
Daimler AG	6/30/2023	 R$  6.677.625.789,00 	440969634.7	45505367856	68668748604	23163380748	642.169.318	1.903.736.072	196.453.913
Daimler AG	9/30/2023	 R$  13.104.191.262,00 	1856279741	29165603027	45413408789	16247805762	4.087.514.659	1.142.480.264	1.795.048.726
Daimler AG	12/31/2023	 R$  5.161.220.914,00 	527374446.2	15838145692	51630867307	35792721615	1.021.432.476	1.473.412.533	442.496.267
Daimler AG	3/31/2024	 R$  17.637.310.202,00 	1618745275	24936555962	37936073156	12999517193	4.267.034.357	124.523.492	1.918.267.855
Daimler AG	6/30/2024	 R$  9.897.018.704,00 	888471372.7	33856303197	55117754937	21261451739	161.195.131	4.178.789.781	1.592.379.656
Daimler AG	9/30/2024	 R$  14.640.665.936,00 	2101927829	10787737144	51913035226	41125298082	4.048.940.347	5.111.033.662	262.313.896
Daimler AG	12/31/2024	 R$  16.456.922.307,00 	1492220093	48085311015	79618978403	31533667388	1.874.201.507	4.732.148.895	1.524.888.001
SAP SE	3/31/2017	 R$  6.568.715.630,00 	719090971.2	18570025227	65782612977	47212587750	1.093.132.271	1.523.091.628	393.327.841
SAP SE	6/30/2017	 R$  6.644.029.236,00 	744873003.7	11294935497	23437806831	12142871334	317.808.321	6.134.241.097	930.170.072
SAP SE	9/30/2017	 R$  18.227.487.487,00 	1997618536	40486058249	55383211771	14897153522	3.606.902.655	1.340.939.753	2.717.704.304
SAP SE	12/31/2017	 R$  17.560.385.805,00 	2276360916	40828269592	73785136305	32956866713	3.085.121.245	6.907.091.429	123.883.954
SAP SE	3/31/2018	 R$  19.774.628.627,00 	1421900578	42095348780	63447988091	21352639311	224.104.912	6.659.132.662	1.971.435.389
SAP SE	6/30/2018	 R$  5.282.345.417,00 	541864195.9	34968772981	55603015081	20634242100	974.523.045	2.626.043.609	1.694.696.263
SAP SE	9/30/2018	 R$  8.133.295.785,00 	750601103.2	12010781130	31029999758	19019218627	2.418.952.978	394.654.017	631.507.601
SAP SE	12/31/2018	 R$  10.184.334.320,00 	1365996842	44932510908	90595603440	45663092533	1.507.795.953	299.146.809	98.400.061
SAP SE	3/31/2019	 R$  18.300.753.695,00 	989934361.3	24181084351	42408075770	18226991420	2.334.306.245	5.431.145.154	1.326.663.507
SAP SE	6/30/2019	 R$  13.878.289.168,00 	932271478.5	29658734145	62964273740	33305539595	1.480.635.642	2.799.148.399	890.504.538
SAP SE	9/30/2019	 R$  13.973.147.193,00 	1079900966	48121419304	75654119930	27532700626	1.427.418.583	3.922.248.606	174.779.147
SAP SE	12/31/2019	 R$  8.046.709.255,00 	662165230.7	39424977655	89177961232	49752983577	742.521.158	1.330.905.572	79.241.434
SAP SE	3/31/2020	 R$  9.236.017.256,00 	529982877.3	48081211472	96574017987	48492806515	548.784.123	10.929.103	991.512.245
SAP SE	6/30/2020	 R$  6.413.035.553,00 	941195826.2	19793091472	35210598357	15417506885	2.673.046.952	6.104.721.296	1.283.806.235
SAP SE	9/30/2020	 R$  15.986.728.775,00 	2071404633	24329632573	49270478198	24940845625	4.204.149.643	8.305.270.255	975.493.491
SAP SE	12/31/2020	 R$  9.687.560.178,00 	1027662516	40817136100	65594337613	24777201513	1.566.693.946	4.147.613.343	1.647.366.676
SAP SE	3/31/2021	 R$  6.588.278.496,00 	731216298.1	11461577968	53638409260	42176831292	1.363.232.632	1.733.691.877	271.750.571
SAP SE	6/30/2021	 R$  11.199.189.899,00 	719949867.5	45007114334	92397807990	47390693656	779.185.008	1.519.179.847	949.703.641
SAP SE	9/30/2021	 R$  9.000.667.547,00 	1079598533	20844606335	48683375624	27838769289	2.217.591.773	3.878.039.728	748.761.776
SAP SE	12/31/2021	 R$  12.465.229.611,00 	800983300.4	28257880783	51866957482	23609076699	1.544.303.617	3.392.692.186	1.196.907.492
SAP SE	3/31/2022	 R$  14.896.500.404,00 	1471513321	30918779103	51643572423	20724793320	2.849.363.924	7.100.255.712	1.491.873.942
SAP SE	6/30/2022	 R$  14.799.049.316,00 	1792143630	35425741218	52933352519	17507611301	3.385.660.542	1.023.636.862	2.023.448.008
SAP SE	9/30/2022	 R$  18.713.092.617,00 	1701020228	36355439326	47077977464	10722538138	3.613.197.338	1.586.396.995	3.390.562.837
SAP SE	12/31/2022	 R$  16.805.465.254,00 	1837934274	10102113588	37939001132	27836887544	4.844.445.609	6.602.513.558	362.903.847
SAP SE	3/31/2023	 R$  14.505.450.248,00 	863046066.9	22921333603	46384701674	23463368071	1.860.626.534	3.678.270.163	976.898.693
SAP SE	6/30/2023	 R$  10.806.122.549,00 	698788622.5	46400326109	56419077430	10018751320	1.238.567.971	697.480.754	4.631.348.222
SAP SE	9/30/2023	 R$  17.167.661.800,00 	1338393789	26063953489	52362126677	26298173188	2.556.034.053	5.089.303.273	991.093.689
SAP SE	12/31/2023	 R$  13.414.872.686,00 	1069408471	35679098743	80239095201	44559996459	1.332.777.331	2.399.929.435	800.697.971
SAP SE	3/31/2024	 R$  13.351.789.947,00 	761306516.2	45369290420	94052696634	48683406213	809.446.771	1.563.790.571	931.925.146
SAP SE	6/30/2024	 R$  8.144.018.454,00 	529257365.4	31360696540	57876694077	26515997537	914.456.801	1.995.992.663	1.182.708.533
SAP SE	9/30/2024	 R$  10.824.151.396,00 	830279996.2	42369695133	72342104340	29972409208	114.771.336	2.770.147.673	1.413.623.271
SAP SE	12/31/2024	 R$  16.754.700.510,00 	923006607.2	49206362475	96053458782	46847096308	96.093.011	1.970.253.612	105.036.099
Bayer AG	3/31/2017	 R$  13.027.840.283,00 	1127343336	48157761467	85094142147	36936380680	1.324.818.968	3.052.121.825	1.303.802.933
Bayer AG	6/30/2017	 R$  8.439.918.128,00 	854234127.5	26356391355	61242421820	34886030465	139.484.054	2.448.642.382	755.499.866
Bayer AG	9/30/2017	 R$  12.670.837.136,00 	1282915745	20339721000	55136777973	34797056973	2.326.787.657	3.686.851.292	584.524.174
Bayer AG	12/31/2017	 R$  18.251.254.610,00 	2670535587	16524775630	29169852309	12645076680	915.512.207	2.111.917.274	130.681.498
Bayer AG	3/31/2018	 R$  6.560.227.745,00 	884011217.4	46074070728	59231903754	13157833026	1.492.457.884	6.718.516.763	3.501.645.798
Bayer AG	6/30/2018	 R$  14.443.060.707,00 	1684483053	37340600075	64364816177	27024216101	2.617.086.715	6.233.235.581	138.174.591
Bayer AG	9/30/2018	 R$  8.605.806.470,00 	524552249.3	34919186753	46399878511	11480691758	1.130.503.497	4.568.995.147	3.041.557.729
Bayer AG	12/31/2018	 R$  18.541.451.915,00 	2242441772	28896911499	58238408654	29341497155	3.850.451.659	7.642.560.842	984.847.888
Bayer AG	3/31/2019	 R$  15.790.567.330,00 	951709509	15068249757	54818573513	39750323756	1.736.107.761	2.394.218.258	379.072.378
Bayer AG	6/30/2019	 R$  13.365.845.309,00 	1437180604	30394456127	61175428677	30780972550	2.349.277.536	4.669.055.214	987.443.008
Bayer AG	9/30/2019	 R$  11.417.678.713,00 	984493632.9	43202192055	87180029468	43977837414	1.129.265.084	2.238.613.108	982.362.813
Bayer AG	12/31/2019	 R$  17.402.979.577,00 	1387637302	31887265220	61548783018	29661517798	2.254.532.476	467.824.105	1.075.038.217
Bayer AG	3/31/2020	 R$  14.107.423.353,00 	1367599932	13615077246	27849556029	14234478784	4.910.670.497	9.607.657.241	956.485.829
Bayer AG	6/30/2020	 R$  12.664.152.205,00 	953498605.8	14551986231	38961279021	24409292791	2.447.298.009	3.906.293.451	596.165.827
Bayer AG	9/30/2020	 R$  7.778.215.290,00 	1028179890	32630440063	51398528756	18768088693	2.000.407.238	5.478.340.957	1.738.612.844
Bayer AG	12/31/2020	 R$  14.954.913.916,00 	1086100755	49223539015	87910824435	38687285420	1.235.457.365	2.807.384.243	1.272.344.091
Bayer AG	3/31/2021	 R$  15.481.381.698,00 	1813221637	20090535950	39516175321	19425639371	4.588.555.503	933.416.709	1.034.227.784
Bayer AG	6/30/2021	 R$  11.712.522.838,00 	1191464502	39707273398	77463236730	37755963332	1.538.103.173	3.155.698.855	1.051.682.169
Bayer AG	9/30/2021	 R$  13.756.386.408,00 	721617987.5	44559907041	88194004126	43634097086	818.216.606	1.653.793.789	102.121.758
Bayer AG	12/31/2021	 R$  13.009.192.330,00 	1451167596	31049801948	49482603845	18432801897	2.932.682.364	7.872.745.579	1.684.486.283
Bayer AG	3/31/2022	 R$  9.090.799.678,00 	904181650.9	49055627276	76658563614	27602936339	1.179.492.034	3.275.671.979	1.777.188.726
Bayer AG	6/30/2022	 R$  7.918.029.220,00 	810924591.5	42824962792	91140421051	48315458259	889.752.957	1.678.395.737	886.361.515
Bayer AG	9/30/2022	 R$  10.642.582.906,00 	1154447670	44364932131	75643621464	31278689333	1.526.166.579	3.690.844.131	1.418.375.676
Bayer AG	12/31/2022	 R$  19.647.577.142,00 	1826544478	10046371516	37513857859	27467486343	4.868.985.975	6.649.842.126	365.755.038
Bayer AG	3/31/2023	 R$  15.711.957.620,00 	2201969781	29454258021	71356904907	41902646886	3.085.853.826	5.254.965.841	702.921.181
Bayer AG	6/30/2023	 R$  10.038.837.028,00 	1319011419	42095419645	52756441711	10661022066	2.500.190.263	1.237.227.923	3.948.535.083
Bayer AG	9/30/2023	 R$  9.457.609.977,00 	1131311165	40856047831	77252438398	36396390567	1.464.434.247	3.108.305.926	1.122.530.207
Bayer AG	12/31/2023	 R$  15.851.738.346,00 	905684923	42371799830	52389418748	10017618918	1.728.755.433	9.040.920.106	422.972.766
Bayer AG	3/31/2024	 R$  10.194.351.917,00 	1512864021	26311852797	62689824382	36377971585	2.413.252.926	4.158.736.606	723.290.817
Bayer AG	6/30/2024	 R$  7.369.565.272,00 	1064148244	20591206981	42904241960	22313034979	2.480.286.785	47.691.775	922.833.088
Bayer AG	9/30/2024	 R$  9.332.023.907,00 	746667545.1	23673143006	42677324477	19004181470	1.749.565.031	3.928.964.508	1.245.680.749
Bayer AG	12/31/2024	 R$  5.728.072.323,00 	604515777.3	34398569588	80121015584	45722445996	754.503.388	1.322.142.252	752.334.413
Deutsche Bank AG	3/31/2017	 R$  14.843.015.558,00 	1680873545	14840428879	46770654578	31930225699	3.593.863.632	5.264.208.155	464.776.824
Deutsche Bank AG	6/30/2017	 R$  19.544.012.256,00 	2752792674	13706520368	55551723268	41845202900	4.955.368.641	6.578.514.343	327.552.967
Deutsche Bank AG	9/30/2017	 R$  19.868.905.162,00 	1429630591	12720436994	42183197053	29462760059	3.389.099.666	4.852.330.833	431.746.278
Deutsche Bank AG	12/31/2017	 R$  9.318.303.083,00 	958508333.7	11123712659	49692010679	38568298020	1.928.898.269	2.485.223.313	288.415.959
Deutsche Bank AG	3/31/2018	 R$  13.740.924.616,00 	1900766775	46035800087	57764409125	11728609038	3.290.550.018	1.620.624.209	3.925.086.081
Deutsche Bank AG	6/30/2018	 R$  7.788.761.208,00 	663079894	30096796442	49497014532	19400218090	1.339.636.138	3.417.899.175	155.136.382
Deutsche Bank AG	9/30/2018	 R$  17.771.922.214,00 	1082288023	48317236409	88972406897	40655170488	1.216.431.095	2.662.116.553	1.188.464.735
Deutsche Bank AG	12/31/2018	 R$  8.808.021.584,00 	1274941171	36770248755	55390246152	18619997397	2.301.743.104	6.847.160.844	197.477.196
Deutsche Bank AG	3/31/2019	 R$  11.192.425.819,00 	1563079220	10546244209	38688850201	28142605992	4.040.128.387	5.554.138.164	374.742.986
Deutsche Bank AG	6/30/2019	 R$  9.538.166.828,00 	766520233.9	38799826104	70810004871	32010178767	1.082.502.727	2.394.614.037	121.210.901
Deutsche Bank AG	9/30/2019	 R$  6.824.564.419,00 	375695945.9	12634199326	28137106192	15502906866	1.335.233.067	242.339.033	814.956.797
Deutsche Bank AG	12/31/2019	 R$  9.814.156.310,00 	576451352.5	25131659304	46301105258	21169445954	1.245.005.598	2.723.034.669	1.187.166.606
Deutsche Bank AG	3/31/2020	 R$  11.812.773.682,00 	980285159.4	44322011186	92083567435	47761556249	1.064.560.363	2.052.456.487	927.985.071
Deutsche Bank AG	6/30/2020	 R$  16.087.302.422,00 	1326310547	32589277601	54693171121	22103893521	2.425.002.097	6.000.348.063	1.474.368.195
Deutsche Bank AG	9/30/2020	 R$  11.268.644.278,00 	1309520126	44147215219	66843792777	22696577557	1.959.075.139	5.769.681.015	1.945.104.503
Deutsche Bank AG	12/31/2020	 R$  16.454.038.855,00 	1761523797	29090502114	64555499757	35464997643	2.728.696.708	4.966.936.173	820.259.525
Deutsche Bank AG	3/31/2021	 R$  8.720.665.039,00 	1028066418	14173153454	61397948008	47224794554	1.674.431.233	2.176.963.241	300.121.019
Deutsche Bank AG	6/30/2021	 R$  5.220.250.485,00 	460458002.1	44926554184	91889065168	46962510984	501.102.064	980.479.945	95.664.719
Deutsche Bank AG	9/30/2021	 R$  12.533.912.164,00 	782840180.3	42843256371	86694386780	43851130409	902.988.313	1.785.222.349	977.016.008
Deutsche Bank AG	12/31/2021	 R$  10.414.516.344,00 	1120888368	33962234582	80244374780	46282140198	1.396.843.544	2.421.859.412	733.808.645
Deutsche Bank AG	3/31/2022	 R$  15.495.522.952,00 	1232326295	38566723026	72355738353	33789015327	1.703.149.361	3.647.121.064	1.141.398.252
Deutsche Bank AG	6/30/2022	 R$  13.527.313.706,00 	1369609294	47047722396	76309903159	29262180763	1.794.798.889	4.680.475.816	1.607.799.596
Deutsche Bank AG	9/30/2022	 R$  11.924.228.778,00 	1074208571	47986876748	85149075647	37162198900	1.261.562.223	2.890.594.752	1.291.281.952
Deutsche Bank AG	12/31/2022	 R$  7.252.204.354,00 	949551701.2	44858188981	86269206025	41411017045	110.068.441	229.299.295	1.083.242.871
Deutsche Bank AG	3/31/2023	 R$  7.317.098.693,00 	887813882.3	23138553563	72645962598	49507409035	1.222.110.425	1.793.294.983	467.375.571
Deutsche Bank AG	6/30/2023	 R$  7.129.233.268,00 	804182359.4	37136074738	74971932150	37835857412	107.264.457	2.125.450.338	981.504.776
Deutsche Bank AG	9/30/2023	 R$  17.914.537.947,00 	1449472284	20633879462	43019367872	22385488410	3.369.348.169	6.475.053.201	92.175.248
Deutsche Bank AG	12/31/2023	 R$  12.421.650.351,00 	967097057.5	33786415736	79888234351	46101818615	1.210.562.563	2.097.741.665	73.286.514
Deutsche Bank AG	3/31/2024	 R$  19.417.487.313,00 	2333015849	28301209342	55585382174	27284172832	4.197.175.153	8.550.802.927	1.037.275.695
Deutsche Bank AG	6/30/2024	 R$  9.306.050.327,00 	729847876.9	23854663266	48476616703	24621953437	1.505.566.862	2.964.215.974	968.837.153
Deutsche Bank AG	9/30/2024	 R$  18.549.946.525,00 	2323022170	49199711543	64461554635	15261843092	3.603.732.773	1.522.111.161	3.223.707.074
Deutsche Bank AG	12/31/2024	 R$  19.852.203.756,00 	2223753463	36451064643	76222443508	39771378864	2.917.452.342	5.591.341.126	916.514.983
Porsche AG	3/31/2017	 R$  5.883.512.064,00 	440184439.5	47041623953	76926443805	29884819852	572.214.726	1.472.936.567	1.574.097.625
Porsche AG	6/30/2017	 R$  11.523.447.744,00 	1069672005	31531931981	51328720570	19796788588	2.083.963.896	5.403.260.231	1.592.780.154
Porsche AG	9/30/2017	 R$  9.631.040.999,00 	1113020766	22993549681	72046513305	49052963625	1.544.864.164	226.901.839	468.749.449
Porsche AG	12/31/2017	 R$  12.119.018.742,00 	894091080.3	28361763209	73909302825	45547539617	120.971.386	1.962.984.363	622.684.857
Porsche AG	3/31/2018	 R$  17.555.661.518,00 	1335299860	46994742351	88007178782	41012436432	1.517.262.431	3.255.841.341	1.145.865.655
Porsche AG	6/30/2018	 R$  9.586.227.654,00 	1382170553	40862854527	89907869527	49045015000	1.537.318.769	2.818.167.256	833.170.395
Porsche AG	9/30/2018	 R$  17.963.578.177,00 	2139702451	49106113898	95043652065	45937538167	2.251.283.915	4.657.851.806	1.068.975.741
Porsche AG	12/31/2018	 R$  7.955.302.121,00 	939711762.4	35954156213	65117507958	29163351745	1.443.101.543	3.222.235.121	1.232.854.047
Porsche AG	3/31/2019	 R$  12.923.331.618,00 	1676027156	26939537534	57056948432	30117410898	2.937.463.714	5.564.977.554	894.483.846
Porsche AG	6/30/2019	 R$  16.367.236.342,00 	1857704381	11368621660	21773242219	10404620558	8.532.052.149	1.785.460.959	109.265.125
Porsche AG	9/30/2019	 R$  10.956.259.576,00 	738896491.2	30918840712	77968242093	47049401381	947.689.048	1.570.469.484	657.156.942
Porsche AG	12/31/2019	 R$  15.806.884.536,00 	845076735.9	34376508276	55201546863	20825038587	1.530.893.216	405.798.401	1.650.729.632
Porsche AG	3/31/2020	 R$  10.779.438.774,00 	1358943185	33525281805	71745524050	38220242245	189.411.563	3.555.558.796	877.160.369
Porsche AG	6/30/2020	 R$  7.764.718.758,00 	920211365.8	34970670581	72558969348	37588298767	1.268.225.519	244.813.252	930.360.557
Porsche AG	9/30/2020	 R$  6.912.391.322,00 	945409918.5	38735572223	68605740345	29870168123	1.378.033.257	3.165.063.935	1.296.797.931
Porsche AG	12/31/2020	 R$  14.994.514.428,00 	1118453310	13089516203	26894911034	13805394830	4.158.605.723	8.101.566.983	948.145.009
Porsche AG	3/31/2021	 R$  7.884.337.935,00 	1152213820	19342832660	61176556532	41833723872	1.883.423.791	2.754.270.272	462.374.153
Porsche AG	6/30/2021	 R$  12.452.147.525,00 	908357933.3	42131566815	76799130880	34667564065	1.182.771.111	2.620.195.442	1.215.302.198
Porsche AG	9/30/2021	 R$  7.245.971.264,00 	1033867668	43655777728	59462856760	15807079033	17.386.781	6.540.535.831	2.761.786.516
Porsche AG	12/31/2021	 R$  14.047.287.806,00 	1489899027	14851641486	42561319258	27709677772	3.500.594.092	5.376.818.307	535.973.085
Porsche AG	3/31/2022	 R$  10.774.855.240,00 	975556879.2	15417730087	40879706571	25461976485	2.386.408.712	3.831.426.362	605.519.768
Porsche AG	6/30/2022	 R$  9.602.996.001,00 	1224040111	42066934650	86789124292	44722189642	1.410.361.172	2.736.986.092	940.627.795
Porsche AG	9/30/2022	 R$  8.621.455.856,00 	1229669587	32376788972	47679877246	15303088274	2.579.011.647	803.543.419	2.115.702.948
Porsche AG	12/31/2022	 R$  5.536.870.879,00 	298030924.1	19445445005	30265348449	10819903444	984.726.558	275.446.935	1.797.192.101
Porsche AG	3/31/2023	 R$  8.880.891.013,00 	668545569.7	40027402595	66992846031	26965443436	997.935.764	247.926.785	1.484.396.231
Porsche AG	6/30/2023	 R$  16.477.351.074,00 	1226392611	42857529033	61495517042	18637988008	1.994.279.698	6.580.069.753	2.299.471.864
Porsche AG	9/30/2023	 R$  12.920.254.885,00 	1147104411	35348848744	85266963912	49918115168	1.345.309.318	2.297.972.203	708.136.688
Porsche AG	12/31/2023	 R$  16.438.581.863,00 	1419961878	19415830018	36726316966	17310486949	386.633.345	8.202.899.676	1.121.622.406
Porsche AG	3/31/2024	 R$  12.668.426.079,00 	744579528.3	33183980227	53340703796	20156723569	1.395.893.708	3.693.951.181	1.646.298.324
Porsche AG	6/30/2024	 R$  16.413.767.338,00 	1074145603	25161220888	52217608876	27056387988	2.057.056.282	3.970.025.873	929.954.911
Porsche AG	9/30/2024	 R$  15.911.174.550,00 	1241693861	36125130235	84583217359	48458087124	1.468.014.459	2.562.407.917	745.492.288
Porsche AG	12/31/2024	 R$  13.056.746.207,00 	1500333956	33698449632	62560115073	28861665442	2.398.227.615	519.836.237	1.167.585.069
Merck KGaA	3/31/2017	 R$  6.974.057.939,00 	389688114	31405828053	49969368014	18563539961	779.853.997	2.099.212.299	1.691.801.678
Merck KGaA	6/30/2017	 R$  11.003.803.134,00 	1050945998	30579291828	50859030282	20279738454	2.066.390.162	5.182.246.312	1.507.874.073
Merck KGaA	9/30/2017	 R$  17.552.142.118,00 	1316005049	28846310799	40791728305	11945417506	3.226.156.634	110.168.192	2.414.843.247
Merck KGaA	12/31/2017	 R$  11.760.953.647,00 	812341476	29296072481	51828662312	22532589831	1.567.359.526	3.605.184.677	130.016.446
Merck KGaA	3/31/2018	 R$  9.318.197.850,00 	641817429.8	48172882387	65628926423	17456044036	977.949	3.676.763.352	2.759.667.785
Merck KGaA	6/30/2018	 R$  7.868.422.908,00 	477697388.2	36789908510	81877040048	45087131537	583.432.655	1.059.498.291	815.973.588
Merck KGaA	9/30/2018	 R$  17.415.152.986,00 	1617758811	46995232198	95054854077	48059621879	1.701.921.302	3.366.149.685	977.852.725
Merck KGaA	12/31/2018	 R$  14.241.334.382,00 	1165009578	37401670447	71252783664	33851113217	1.635.037.283	3.441.569.472	1.104.887.458
Merck KGaA	3/31/2019	 R$  19.217.681.417,00 	2238884002	12733925598	36970270841	24236345242	6.055.903.707	9.237.712.947	525.406.181
Merck KGaA	6/30/2019	 R$  16.209.619.277,00 	1894725317	17305347324	45432894647	28127547323	4.170.382.124	673.619.102	615.245.514
Merck KGaA	9/30/2019	 R$  12.097.020.632,00 	1236164244	27900854055	42173393478	14272539423	2.931.147.205	8.661.137.359	1.954.862.637
Merck KGaA	12/31/2019	 R$  17.666.094.987,00 	1547381835	47717175754	76466035769	28748860015	2.023.619.793	5.382.411.109	1.659.793.666
Merck KGaA	3/31/2020	 R$  15.236.467.952,00 	894574066	36909348765	72030787429	35121438664	1.241.932.926	2.547.088.331	1.050.906.517
Merck KGaA	6/30/2020	 R$  17.048.403.140,00 	1779998241	31894204894	69469086501	37574881608	2.562.288.251	4.737.202.528	848.817.176
Merck KGaA	9/30/2020	 R$  8.081.970.522,00 	678443942.4	46360819152	75700966235	29340147083	896.215.697	231.233.995	1.580.115.431
Merck KGaA	12/31/2020	 R$  5.897.253.747,00 	625948791.2	38506883950	51548729961	13041846011	1.214.285.573	4.799.541.343	2.952.563.918
Merck KGaA	3/31/2021	 R$  14.786.170.161,00 	1680074258	26820455279	61714717112	34894261833	2.722.323.518	4.814.757.986	768.620.795
Merck KGaA	6/30/2021	 R$  14.025.754.117,00 	1636333354	16839994355	60072011589	43232017234	2.723.952.986	3.785.003.473	389.525.991
Merck KGaA	9/30/2021	 R$  14.686.380.695,00 	2175890454	36499903384	85610397087	49110493703	2.541.619.392	4.430.601.873	743.220.046
Merck KGaA	12/31/2021	 R$  12.917.187.369,00 	1708731611	17319486583	43037893850	25718407267	3.970.295.613	664.400.246	673.427.651
Merck KGaA	3/31/2022	 R$  7.570.645.554,00 	419794972.7	36325434183	64924945929	28599511746	646.585.017	1.467.839.648	127.014.176
Merck KGaA	6/30/2022	 R$  19.175.705.351,00 	1921123977	39424400695	70149764250	30725363554	2.738.603.611	6.252.567.113	128.312.235
Merck KGaA	9/30/2022	 R$  7.888.146.905,00 	698353200.2	33355799273	53175544683	19819745411	131.329.769	3.523.522.556	1.682.958.009
Merck KGaA	12/31/2022	 R$  7.610.452.133,00 	536310750.1	48688712492	88688270941	39999558449	604.714.405	1.340.791.676	1.217.231.249
Merck KGaA	3/31/2023	 R$  18.085.416.710,00 	2126765225	44629946816	61554558843	16924612027	3.455.089.704	1.256.610.918	2.636.984.927
Merck KGaA	6/30/2023	 R$  9.146.296.754,00 	868361702.9	43413456694	56455610934	13042154240	1.538.131.797	6.658.115.576	3.328.702.904
Merck KGaA	9/30/2023	 R$  9.297.896.247,00 	1145109250	49354599469	67631473649	18276874181	1.693.160.283	6.265.345.152	2.700.385.141
Merck KGaA	12/31/2023	 R$  17.637.490.503,00 	2103890014	44486109206	61628452463	17142343256	3.413.829.051	1.227.305.965	259.510.083
Merck KGaA	3/31/2024	 R$  18.818.295.502,00 	2691544192	27944602045	74405164472	46460562427	3.617.415.823	5.793.180.392	601.469.302
Merck KGaA	6/30/2024	 R$  16.561.793.827,00 	2435933937	19456844175	52664090849	33207246674	4.625.417.238	7.335.549.257	585.921.632
Merck KGaA	9/30/2024	 R$  15.036.344.926,00 	1704097607	30603212259	59444780752	28841568494	2.866.690.036	5.908.477.575	1.061.080.026
Merck KGaA	12/31/2024	 R$  18.915.504.026,00 	2413914962	30820597362	65357495789	34536898427	3.693.401.855	6.989.379.684	892.396.213